Username,Password,Privilege,First name,Last name
admin1,admin,Admin,Yuna ,Ng
admin2,admin,Admin,Chester,Ng
admin3,admin,Admin,Gerald,Lau
admin4,admin,Admin,Barry ,Teo
admin5,admin,Admin,Shaun,Tan
admin6,admin,Admin,Wei Jie,Lai
admin7,admin,Admin,Ivan,Wong
EvelynCarter1@example.com,password,Public User,Evelyn,Carter
JoshuaWilson2@example.com,password,Public User,Joshua,Wilson
EmilyNelson3@example.com,password,Public User,Emily,Nelson
ChristopherClark4@example.com,password,Public User,Christopher,Clark
AmeliaJackson5@example.com,password,Public User,Amelia,Jackson
SophiaMartin6@example.com,password,Public User,Sophia,Martin
LucasMiller7@example.com,password,Public User,Lucas,Miller
ChristopherLewis8@example.com,password,Public User,Christopher,Lewis
OwenGarcia9@example.com,password,Public User,Owen,Garcia
BrandieCollins10@example.com,password,Public User,Brandie,Collins
ElijahJones11@example.com,password,Public User,Elijah,Jones
KevinJohnson12@example.com,password,Public User,Kevin,Johnson
LilyParker13@example.com,password,Public User,Lily,Parker
EvelynTaylor14@example.com,password,Public User,Evelyn,Taylor
ElijahCollins15@example.com,password,Public User,Elijah,Collins
LaylaParker16@example.com,password,Public User,Layla,Parker
SophiaRobinson17@example.com,password,Public User,Sophia,Robinson
SamuelHall18@example.com,password,Public User,Samuel,Hall
MichaelReyes19@example.com,password,Public User,Michael,Reyes
LaylaWright20@example.com,password,Public User,Layla,Wright
LucasHall21@example.com,password,Public User,Lucas,Hall
KailynSmith22@example.com,password,Public User,Kailyn,Smith
CadyLewis23@example.com,password,Public User,Cady,Lewis
RachelCarter24@example.com,password,Public User,Rachel,Carter
LoganBrown25@example.com,password,Public User,Logan,Brown
KaranKing26@example.com,password,Public User,Karan,King
KevinGarcia27@example.com,password,Public User,Kevin,Garcia
AbigailCruz28@example.com,password,Public User,Abigail,Cruz
AvaWright29@example.com,password,Public User,Ava,Wright
EmmaSmith30@example.com,password,Public User,Emma,Smith
ChristopherWilson31@example.com,password,Public User,Christopher,Wilson
AvaAnderson32@example.com,password,Public User,Ava,Anderson
KevinRivera33@example.com,password,Public User,Kevin,Rivera
BrandieMiller34@example.com,password,Public User,Brandie,Miller
JoshuaCruz35@example.com,password,Public User,Joshua,Cruz
EthanJones36@example.com,password,Public User,Ethan,Jones
DayCollins37@example.com,password,Public User,Day,Collins
JoshuaEvans38@example.com,password,Public User,Joshua,Evans
StellaAllen39@example.com,password,Public User,Stella,Allen
KevinJohnson40@example.com,password,Public User,Kevin,Johnson
DayLee41@example.com,password,Public User,Day,Lee
DanielNelson42@example.com,password,Public User,Daniel,Nelson
SamuelLopez43@example.com,password,Public User,Samuel,Lopez
OliverWhite44@example.com,password,Public User,Oliver,White
SamuelDiaz45@example.com,password,Public User,Samuel,Diaz
EthanReyes46@example.com,password,Public User,Ethan,Reyes
KailynKing47@example.com,password,Public User,Kailyn,King
SebastianMiller48@example.com,password,Public User,Sebastian,Miller
MichaelReyes49@example.com,password,Public User,Michael,Reyes
StellaTaylor50@example.com,password,Public User,Stella,Taylor
LunaLewis51@example.com,password,Public User,Luna,Lewis
SebastianBrown52@example.com,password,Public User,Sebastian,Brown
CadyMiller53@example.com,password,Public User,Cady,Miller
JoeReyes54@example.com,password,Public User,Joe,Reyes
KaranWalker55@example.com,password,Public User,Karan,Walker
JoeThomas56@example.com,password,Public User,Joe,Thomas
DanielRobinson57@example.com,password,Public User,Daniel,Robinson
JoshuaCollins58@example.com,password,Public User,Joshua,Collins
WilliamReyes59@example.com,password,Public User,William,Reyes
SebastianMiller60@example.com,password,Public User,Sebastian,Miller
OliverJackson61@example.com,password,Public User,Oliver,Jackson
EmmaHall62@example.com,password,Public User,Emma,Hall
AbigailReyes63@example.com,password,Public User,Abigail,Reyes
EmilyLopez64@example.com,password,Public User,Emily,Lopez
OliverYoung65@example.com,password,Public User,Oliver,Young
OliverJackson66@example.com,password,Public User,Oliver,Jackson
BrandieJackson67@example.com,password,Public User,Brandie,Jackson
JoshuaWalker68@example.com,password,Public User,Joshua,Walker
OliverBaker69@example.com,password,Public User,Oliver,Baker
SamuelTaylor70@example.com,password,Public User,Samuel,Taylor
LucasJohnson71@example.com,password,Public User,Lucas,Johnson
KailynWhite72@example.com,password,Public User,Kailyn,White
EthanParker73@example.com,password,Public User,Ethan,Parker
AbigailWilson74@example.com,password,Public User,Abigail,Wilson
OliverHall75@example.com,password,Public User,Oliver,Hall
EthanDavis76@example.com,password,Public User,Ethan,Davis
EvelynWright77@example.com,password,Public User,Evelyn,Wright
AidenJones78@example.com,password,Public User,Aiden,Jones
LilyLewis79@example.com,password,Public User,Lily,Lewis
LaylaRobinson80@example.com,password,Public User,Layla,Robinson
LucasRivera81@example.com,password,Public User,Lucas,Rivera
LucasWright82@example.com,password,Public User,Lucas,Wright
JoseEdwards83@example.com,password,Public User,Jose,Edwards
KaranClark84@example.com,password,Public User,Karan,Clark
AvaCarter85@example.com,password,Public User,Ava,Carter
LoganDavis86@example.com,password,Public User,Logan,Davis
AvaLewis87@example.com,password,Public User,Ava,Lewis
StellaWalker88@example.com,password,Public User,Stella,Walker
AvaScott89@example.com,password,Public User,Ava,Scott
ScarlettSmith90@example.com,password,Public User,Scarlett,Smith
AbigailWalker91@example.com,password,Public User,Abigail,Walker
AidenClark92@example.com,password,Public User,Aiden,Clark
EthanMartin93@example.com,password,Public User,Ethan,Martin
PoppyGarcia94@example.com,password,Public User,Poppy,Garcia
HarryRobinson95@example.com,password,Public User,Harry,Robinson
BethanyDiaz96@example.com,password,Public User,Bethany,Diaz
NickMartin97@example.com,password,Public User,Nick,Martin
KevinHall98@example.com,password,Public User,Kevin,Hall
PoppyThomas99@example.com,password,Public User,Poppy,Thomas
FioraWilson100@example.com,password,Public User,Fiora,Wilson
ChristopherYoung101@example.com,password,Public User,Christopher,Young
JoeReyes102@example.com,password,Public User,Joe,Reyes
MargaretWilson103@example.com,password,Public User,Margaret,Wilson
LunaBrown104@example.com,password,Public User,Luna,Brown
LucasTaylor105@example.com,password,Public User,Lucas,Taylor
MiaJones106@example.com,password,Public User,Mia,Jones
JamesBrown107@example.com,password,Public User,James,Brown
KaranRobinson108@example.com,password,Public User,Karan,Robinson
SophiaDiaz109@example.com,password,Public User,Sophia,Diaz
LilyBaker110@example.com,password,Public User,Lily,Baker
AmeliaMartin111@example.com,password,Public User,Amelia,Martin
IslaThomas112@example.com,password,Public User,Isla,Thomas
BethanyReyes113@example.com,password,Public User,Bethany,Reyes
BrandieHall114@example.com,password,Public User,Brandie,Hall
LaurenWalker115@example.com,password,Public User,Lauren,Walker
EmmaKing116@example.com,password,Public User,Emma,King
AbigailWright117@example.com,password,Public User,Abigail,Wright
KailynGarcia118@example.com,password,Public User,Kailyn,Garcia
LiamScott119@example.com,password,Public User,Liam,Scott
PoppyDavis120@example.com,password,Public User,Poppy,Davis
SophiaTaylor121@example.com,password,Public User,Sophia,Taylor
ThomasEvans122@example.com,password,Public User,Thomas,Evans
ElijahThomas123@example.com,password,Public User,Elijah,Thomas
KaranWright124@example.com,password,Public User,Karan,Wright
AvaWhite125@example.com,password,Public User,Ava,White
LucasJones126@example.com,password,Public User,Lucas,Jones
OwenLopez127@example.com,password,Public User,Owen,Lopez
TracyAllen128@example.com,password,Public User,Tracy,Allen
JoeWright129@example.com,password,Public User,Joe,Wright
OwenWalker130@example.com,password,Public User,Owen,Walker
LunaScott131@example.com,password,Public User,Luna,Scott
EvelynHarris132@example.com,password,Public User,Evelyn,Harris
AnthonyBaker133@example.com,password,Public User,Anthony,Baker
PoppyJohnson134@example.com,password,Public User,Poppy,Johnson
CharlesBaker135@example.com,password,Public User,Charles,Baker
NickWilson136@example.com,password,Public User,Nick,Wilson
JohnDavis137@example.com,password,Public User,John,Davis
OscarParker138@example.com,password,Public User,Oscar,Parker
NickThomas139@example.com,password,Public User,Nick,Thomas
AndyMiller140@example.com,password,Public User,Andy,Miller
LunaMoore141@example.com,password,Public User,Luna,Moore
MichaelDavis142@example.com,password,Public User,Michael,Davis
MonaMoore143@example.com,password,Public User,Mona,Moore
EthanMiller144@example.com,password,Public User,Ethan,Miller
AndrewEvans145@example.com,password,Public User,Andrew,Evans
MichaelDavis146@example.com,password,Public User,Michael,Davis
KevinParker147@example.com,password,Public User,Kevin,Parker
AnthonyRivera148@example.com,password,Public User,Anthony,Rivera
MichaelWilson149@example.com,password,Public User,Michael,Wilson
ElizabethWhite150@example.com,password,Public User,Elizabeth,White
MarkMartin151@example.com,password,Public User,Mark,Martin
SebastianCarter152@example.com,password,Public User,Sebastian,Carter
JohnSmith153@example.com,password,Public User,John,Smith
OliverCruz154@example.com,password,Public User,Oliver,Cruz
KailynDiaz155@example.com,password,Public User,Kailyn,Diaz
MaryFlores156@example.com,password,Public User,Mary,Flores
BarbaraWhite157@example.com,password,Public User,Barbara,White
OscarLee158@example.com,password,Public User,Oscar,Lee
ConnorCarter159@example.com,password,Public User,Connor,Carter
CharlotteHarris160@example.com,password,Public User,Charlotte,Harris
GeorgeScott161@example.com,password,Public User,George,Scott
KevinHall162@example.com,password,Public User,Kevin,Hall
JamesScott163@example.com,password,Public User,James,Scott
CharlesCarter164@example.com,password,Public User,Charles,Carter
LindaLee165@example.com,password,Public User,Linda,Lee
NickWhite166@example.com,password,Public User,Nick,White
LindaJohnson167@example.com,password,Public User,Linda,Johnson
SusanDavis168@example.com,password,Public User,Susan,Davis
ThomasJohnson169@example.com,password,Public User,Thomas,Johnson
RachelCarter170@example.com,password,Public User,Rachel,Carter
ThomasEdwards171@example.com,password,Public User,Thomas,Edwards
EmilyMartin172@example.com,password,Public User,Emily,Martin
ConnorFlores173@example.com,password,Public User,Connor,Flores
ScarlettMoore174@example.com,password,Public User,Scarlett,Moore
AnthonyParker175@example.com,password,Public User,Anthony,Parker
EmilyClark176@example.com,password,Public User,Emily,Clark
LilyThomas177@example.com,password,Public User,Lily,Thomas
ThomasHall178@example.com,password,Public User,Thomas,Hall
FioraWalker179@example.com,password,Public User,Fiora,Walker
OliverHarris180@example.com,password,Public User,Oliver,Harris
SebastianMoore181@example.com,password,Public User,Sebastian,Moore
ThomasSmith182@example.com,password,Public User,Thomas,Smith
LindaJackson183@example.com,password,Public User,Linda,Jackson
HarryRobinson184@example.com,password,Public User,Harry,Robinson
MiaThomas185@example.com,password,Public User,Mia,Thomas
AmeliaRivera186@example.com,password,Public User,Amelia,Rivera
SebastianJackson187@example.com,password,Public User,Sebastian,Jackson
MonaDavis188@example.com,password,Public User,Mona,Davis
SebastianCarter189@example.com,password,Public User,Sebastian,Carter
RachelThomas190@example.com,password,Public User,Rachel,Thomas
MarkGarcia191@example.com,password,Public User,Mark,Garcia
ConnorEdwards192@example.com,password,Public User,Connor,Edwards
ChristopherMiller193@example.com,password,Public User,Christopher,Miller
DayWhite194@example.com,password,Public User,Day,White
AbigailCruz195@example.com,password,Public User,Abigail,Cruz
OwenLee196@example.com,password,Public User,Owen,Lee
KaranLopez197@example.com,password,Public User,Karan,Lopez
ElijahAllen198@example.com,password,Public User,Elijah,Allen
PatriciaClark199@example.com,password,Public User,Patricia,Clark
RachelMoore200@example.com,password,Public User,Rachel,Moore
PoppyLee201@example.com,password,Public User,Poppy,Lee
LilyReyes202@example.com,password,Public User,Lily,Reyes
LoganJohnson203@example.com,password,Public User,Logan,Johnson
DayScott204@example.com,password,Public User,Day,Scott
MarkWilliams205@example.com,password,Public User,Mark,Williams
JenniferWilliams206@example.com,password,Public User,Jennifer,Williams
BarbaraYoung207@example.com,password,Public User,Barbara,Young
LaylaAnderson208@example.com,password,Public User,Layla,Anderson
KyleHarris209@example.com,password,Public User,Kyle,Harris
ElijahEvans210@example.com,password,Public User,Elijah,Evans
ElizabethJackson211@example.com,password,Public User,Elizabeth,Jackson
RachelMiller212@example.com,password,Public User,Rachel,Miller
MargaretTaylor213@example.com,password,Public User,Margaret,Taylor
JoshuaClark214@example.com,password,Public User,Joshua,Clark
PoppyAllen215@example.com,password,Public User,Poppy,Allen
BethanyEvans216@example.com,password,Public User,Bethany,Evans
OwenAnderson217@example.com,password,Public User,Owen,Anderson
EvelynAllen218@example.com,password,Public User,Evelyn,Allen
MargaretJones219@example.com,password,Public User,Margaret,Jones
LoganThomas220@example.com,password,Public User,Logan,Thomas
JoeAllen221@example.com,password,Public User,Joe,Allen
StellaBaker222@example.com,password,Public User,Stella,Baker
EvelynEdwards223@example.com,password,Public User,Evelyn,Edwards
EmilyKing224@example.com,password,Public User,Emily,King
LoganAnderson225@example.com,password,Public User,Logan,Anderson
JoeRivera226@example.com,password,Public User,Joe,Rivera
AndyWright227@example.com,password,Public User,Andy,Wright
MichaelMiller228@example.com,password,Public User,Michael,Miller
JamesMoore229@example.com,password,Public User,James,Moore
MiaClark230@example.com,password,Public User,Mia,Clark
KaranKing231@example.com,password,Public User,Karan,King
DayAllen232@example.com,password,Public User,Day,Allen
GeorgeHarris233@example.com,password,Public User,George,Harris
LiamDavis234@example.com,password,Public User,Liam,Davis
JohnSmith235@example.com,password,Public User,John,Smith
AvaAnderson236@example.com,password,Public User,Ava,Anderson
EulaFlores237@example.com,password,Public User,Eula,Flores
EmmaNelson238@example.com,password,Public User,Emma,Nelson
JennyGarcia239@example.com,password,Public User,Jenny,Garcia
EmilyScott240@example.com,password,Public User,Emily,Scott
AvaWhite241@example.com,password,Public User,Ava,White
EmmaNelson242@example.com,password,Public User,Emma,Nelson
IslaGarcia243@example.com,password,Public User,Isla,Garcia
CharlotteNelson244@example.com,password,Public User,Charlotte,Nelson
LindaLewis245@example.com,password,Public User,Linda,Lewis
LilyDavis246@example.com,password,Public User,Lily,Davis
OscarNelson247@example.com,password,Public User,Oscar,Nelson
LoganReyes248@example.com,password,Public User,Logan,Reyes
SamuelKing249@example.com,password,Public User,Samuel,King
PoppyMartin250@example.com,password,Public User,Poppy,Martin
DayMiller251@example.com,password,Public User,Day,Miller
LunaKing252@example.com,password,Public User,Luna,King
AndyBrown253@example.com,password,Public User,Andy,Brown
AvaDavis254@example.com,password,Public User,Ava,Davis
ThomasLopez255@example.com,password,Public User,Thomas,Lopez
LindaHarris256@example.com,password,Public User,Linda,Harris
RachelFlores257@example.com,password,Public User,Rachel,Flores
AvaFlores258@example.com,password,Public User,Ava,Flores
CharlotteEdwards259@example.com,password,Public User,Charlotte,Edwards
GeorgeWilliams260@example.com,password,Public User,George,Williams
PatriciaSmith261@example.com,password,Public User,Patricia,Smith
NoahRobinson262@example.com,password,Public User,Noah,Robinson
ElizabethYoung263@example.com,password,Public User,Elizabeth,Young
AmeliaReyes264@example.com,password,Public User,Amelia,Reyes
SebastianDavis265@example.com,password,Public User,Sebastian,Davis
KailynMartin266@example.com,password,Public User,Kailyn,Martin
ThomasJones267@example.com,password,Public User,Thomas,Jones
MichaelMiller268@example.com,password,Public User,Michael,Miller
SophiaThomas269@example.com,password,Public User,Sophia,Thomas
ScarlettEdwards270@example.com,password,Public User,Scarlett,Edwards
ZoeyDiaz271@example.com,password,Public User,Zoey,Diaz
BarbaraBrown272@example.com,password,Public User,Barbara,Brown
OscarYoung273@example.com,password,Public User,Oscar,Young
AndrewMoore274@example.com,password,Public User,Andrew,Moore
OscarEdwards275@example.com,password,Public User,Oscar,Edwards
AndrewRivera276@example.com,password,Public User,Andrew,Rivera
JakeWalker277@example.com,password,Public User,Jake,Walker
SarahScott278@example.com,password,Public User,Sarah,Scott
NickHarris279@example.com,password,Public User,Nick,Harris
TracyThomas280@example.com,password,Public User,Tracy,Thomas
RobertSmith281@example.com,password,Public User,Robert,Smith
SusanHill282@example.com,password,Public User,Susan,Hill
BrandieBaker283@example.com,password,Public User,Brandie,Baker
SophiaSmith284@example.com,password,Public User,Sophia,Smith
LindaParker285@example.com,password,Public User,Linda,Parker
PoppyFlores286@example.com,password,Public User,Poppy,Flores
BrandieAnderson287@example.com,password,Public User,Brandie,Anderson
JennyCarter288@example.com,password,Public User,Jenny,Carter
CharlotteTaylor289@example.com,password,Public User,Charlotte,Taylor
JohnNelson290@example.com,password,Public User,John,Nelson
AvaDiaz291@example.com,password,Public User,Ava,Diaz
LissandraKing292@example.com,password,Public User,Lissandra,King
BrandieCruz293@example.com,password,Public User,Brandie,Cruz
KaranScott294@example.com,password,Public User,Karan,Scott
SusanLopez295@example.com,password,Public User,Susan,Lopez
SophiaDiaz296@example.com,password,Public User,Sophia,Diaz
LissandraWright297@example.com,password,Public User,Lissandra,Wright
BarbaraCarter298@example.com,password,Public User,Barbara,Carter
IslaBaker299@example.com,password,Public User,Isla,Baker
ThomasKing300@example.com,password,Public User,Thomas,King
MiaHill301@example.com,password,Public User,Mia,Hill
PatriciaYoung302@example.com,password,Public User,Patricia,Young
KailynScott303@example.com,password,Public User,Kailyn,Scott
JoseHarris304@example.com,password,Public User,Jose,Harris
KyleReyes305@example.com,password,Public User,Kyle,Reyes
LilyDavis306@example.com,password,Public User,Lily,Davis
ElijahDavis307@example.com,password,Public User,Elijah,Davis
KaranThomas308@example.com,password,Public User,Karan,Thomas
SarahMiller309@example.com,password,Public User,Sarah,Miller
MiaAnderson310@example.com,password,Public User,Mia,Anderson
JoshuaKing311@example.com,password,Public User,Joshua,King
EmmaRivera312@example.com,password,Public User,Emma,Rivera
IslaAllen313@example.com,password,Public User,Isla,Allen
KaranWalker314@example.com,password,Public User,Karan,Walker
CharlotteCruz315@example.com,password,Public User,Charlotte,Cruz
OwenScott316@example.com,password,Public User,Owen,Scott
GeorgeCruz317@example.com,password,Public User,George,Cruz
JennyJackson318@example.com,password,Public User,Jenny,Jackson
TracyRivera319@example.com,password,Public User,Tracy,Rivera
JoshuaHill320@example.com,password,Public User,Joshua,Hill
AidenJackson321@example.com,password,Public User,Aiden,Jackson
StellaTaylor322@example.com,password,Public User,Stella,Taylor
LucasWalker323@example.com,password,Public User,Lucas,Walker
KailynRobinson324@example.com,password,Public User,Kailyn,Robinson
PatriciaJackson325@example.com,password,Public User,Patricia,Jackson
GeorgeTaylor326@example.com,password,Public User,George,Taylor
BarbaraReyes327@example.com,password,Public User,Barbara,Reyes
JohnAnderson328@example.com,password,Public User,John,Anderson
JamesDavis329@example.com,password,Public User,James,Davis
BrandieFlores330@example.com,password,Public User,Brandie,Flores
AbigailHarris331@example.com,password,Public User,Abigail,Harris
NickCruz332@example.com,password,Public User,Nick,Cruz
OliverParker333@example.com,password,Public User,Oliver,Parker
WilliamClark334@example.com,password,Public User,William,Clark
AvaLee335@example.com,password,Public User,Ava,Lee
JennyReyes336@example.com,password,Public User,Jenny,Reyes
IslaKing337@example.com,password,Public User,Isla,King
AidenReyes338@example.com,password,Public User,Aiden,Reyes
JoshuaThomas339@example.com,password,Public User,Joshua,Thomas
LilyHall340@example.com,password,Public User,Lily,Hall
MichaelFlores341@example.com,password,Public User,Michael,Flores
ThomasSmith342@example.com,password,Public User,Thomas,Smith
ThomasRivera343@example.com,password,Public User,Thomas,Rivera
StellaParker344@example.com,password,Public User,Stella,Parker
MonaParker345@example.com,password,Public User,Mona,Parker
MarkMartin346@example.com,password,Public User,Mark,Martin
JennyBrown347@example.com,password,Public User,Jenny,Brown
PatriciaEvans348@example.com,password,Public User,Patricia,Evans
NoahJones349@example.com,password,Public User,Noah,Jones
EvelynNelson350@example.com,password,Public User,Evelyn,Nelson
ThomasLee351@example.com,password,Public User,Thomas,Lee
JamesLewis352@example.com,password,Public User,James,Lewis
LissandraCruz353@example.com,password,Public User,Lissandra,Cruz
HarryHall354@example.com,password,Public User,Harry,Hall
MichaelEvans355@example.com,password,Public User,Michael,Evans
KyleEdwards356@example.com,password,Public User,Kyle,Edwards
PoppyYoung357@example.com,password,Public User,Poppy,Young
AndrewSmith358@example.com,password,Public User,Andrew,Smith
CharlesDavis359@example.com,password,Public User,Charles,Davis
PoppyEdwards360@example.com,password,Public User,Poppy,Edwards
ElijahRivera361@example.com,password,Public User,Elijah,Rivera
LiamCarter362@example.com,password,Public User,Liam,Carter
EmmaScott363@example.com,password,Public User,Emma,Scott
KaranDiaz364@example.com,password,Public User,Karan,Diaz
JenniferWilson365@example.com,password,Public User,Jennifer,Wilson
SebastianCruz366@example.com,password,Public User,Sebastian,Cruz
LiamRobinson367@example.com,password,Public User,Liam,Robinson
MarkRobinson368@example.com,password,Public User,Mark,Robinson
StellaWhite369@example.com,password,Public User,Stella,White
ThomasRivera370@example.com,password,Public User,Thomas,Rivera
CadyMoore371@example.com,password,Public User,Cady,Moore
MiaWalker372@example.com,password,Public User,Mia,Walker
GeorgeThomas373@example.com,password,Public User,George,Thomas
ElijahJones374@example.com,password,Public User,Elijah,Jones
SarahDavis375@example.com,password,Public User,Sarah,Davis
LaurenWilson376@example.com,password,Public User,Lauren,Wilson
JakeScott377@example.com,password,Public User,Jake,Scott
AvaEvans378@example.com,password,Public User,Ava,Evans
AidenWilliams379@example.com,password,Public User,Aiden,Williams
RachelKing380@example.com,password,Public User,Rachel,King
ElijahKing381@example.com,password,Public User,Elijah,King
SamuelMiller382@example.com,password,Public User,Samuel,Miller
LindaClark383@example.com,password,Public User,Linda,Clark
EmilyBrown384@example.com,password,Public User,Emily,Brown
MichaelBaker385@example.com,password,Public User,Michael,Baker
EmilyLopez386@example.com,password,Public User,Emily,Lopez
CharlesJackson387@example.com,password,Public User,Charles,Jackson
KyleMoore388@example.com,password,Public User,Kyle,Moore
MichaelYoung389@example.com,password,Public User,Michael,Young
JakeEdwards390@example.com,password,Public User,Jake,Edwards
PoppyMiller391@example.com,password,Public User,Poppy,Miller
AndrewHill392@example.com,password,Public User,Andrew,Hill
ZoeyCarter393@example.com,password,Public User,Zoey,Carter
NickTaylor394@example.com,password,Public User,Nick,Taylor
LoganDavis395@example.com,password,Public User,Logan,Davis
LaylaTaylor396@example.com,password,Public User,Layla,Taylor
DayMartin397@example.com,password,Public User,Day,Martin
MonaYoung398@example.com,password,Public User,Mona,Young
CharlotteLee399@example.com,password,Public User,Charlotte,Lee
ConnorLewis400@example.com,password,Public User,Connor,Lewis
LilyDiaz401@example.com,password,Public User,Lily,Diaz
AndrewHill402@example.com,password,Public User,Andrew,Hill
LindaMoore403@example.com,password,Public User,Linda,Moore
SarahNelson404@example.com,password,Public User,Sarah,Nelson
SarahWilson405@example.com,password,Public User,Sarah,Wilson
ConnorHill406@example.com,password,Public User,Connor,Hill
SusanMartin407@example.com,password,Public User,Susan,Martin
RichardJackson408@example.com,password,Public User,Richard,Jackson
DayParker409@example.com,password,Public User,Day,Parker
ElizabethHill410@example.com,password,Public User,Elizabeth,Hill
DanielParker411@example.com,password,Public User,Daniel,Parker
AndyDavis412@example.com,password,Public User,Andy,Davis
LucasWalker413@example.com,password,Public User,Lucas,Walker
KevinHall414@example.com,password,Public User,Kevin,Hall
LindaSmith415@example.com,password,Public User,Linda,Smith
JamesEdwards416@example.com,password,Public User,James,Edwards
LaylaDavis417@example.com,password,Public User,Layla,Davis
OscarAnderson418@example.com,password,Public User,Oscar,Anderson
RobertEdwards419@example.com,password,Public User,Robert,Edwards
DayWilson420@example.com,password,Public User,Day,Wilson
ChristopherEvans421@example.com,password,Public User,Christopher,Evans
OliverReyes422@example.com,password,Public User,Oliver,Reyes
OliverWalker423@example.com,password,Public User,Oliver,Walker
JennyDavis424@example.com,password,Public User,Jenny,Davis
MargaretHill425@example.com,password,Public User,Margaret,Hill
BarbaraSmith426@example.com,password,Public User,Barbara,Smith
LiamTaylor427@example.com,password,Public User,Liam,Taylor
KevinLee428@example.com,password,Public User,Kevin,Lee
JamesHall429@example.com,password,Public User,James,Hall
KaranYoung430@example.com,password,Public User,Karan,Young
NoahLewis431@example.com,password,Public User,Noah,Lewis
KaranDiaz432@example.com,password,Public User,Karan,Diaz
AvaAnderson433@example.com,password,Public User,Ava,Anderson
EthanDavis434@example.com,password,Public User,Ethan,Davis
BrandieParker435@example.com,password,Public User,Brandie,Parker
AndyTaylor436@example.com,password,Public User,Andy,Taylor
NickMiller437@example.com,password,Public User,Nick,Miller
FioraTaylor438@example.com,password,Public User,Fiora,Taylor
MichaelKing439@example.com,password,Public User,Michael,King
NickWhite440@example.com,password,Public User,Nick,White
KailynMoore441@example.com,password,Public User,Kailyn,Moore
MiaGarcia442@example.com,password,Public User,Mia,Garcia
ChristopherBrown443@example.com,password,Public User,Christopher,Brown
SusanBrown444@example.com,password,Public User,Susan,Brown
BethanyHill445@example.com,password,Public User,Bethany,Hill
JakeDavis446@example.com,password,Public User,Jake,Davis
AvaScott447@example.com,password,Public User,Ava,Scott
EmilyWilson448@example.com,password,Public User,Emily,Wilson
IslaCruz449@example.com,password,Public User,Isla,Cruz
LucasCruz450@example.com,password,Public User,Lucas,Cruz
CadyBaker451@example.com,password,Public User,Cady,Baker
JakeYoung452@example.com,password,Public User,Jake,Young
LaurenDavis453@example.com,password,Public User,Lauren,Davis
ThomasNelson454@example.com,password,Public User,Thomas,Nelson
OscarEvans455@example.com,password,Public User,Oscar,Evans
AidenParker456@example.com,password,Public User,Aiden,Parker
LissandraThomas457@example.com,password,Public User,Lissandra,Thomas
DayDiaz458@example.com,password,Public User,Day,Diaz
MargaretEdwards459@example.com,password,Public User,Margaret,Edwards
KyleDavis460@example.com,password,Public User,Kyle,Davis
SarahBaker461@example.com,password,Public User,Sarah,Baker
BethanyGarcia462@example.com,password,Public User,Bethany,Garcia
RobertAllen463@example.com,password,Public User,Robert,Allen
SamuelParker464@example.com,password,Public User,Samuel,Parker
OscarEvans465@example.com,password,Public User,Oscar,Evans
StellaCruz466@example.com,password,Public User,Stella,Cruz
JennyCruz467@example.com,password,Public User,Jenny,Cruz
RobertCarter468@example.com,password,Public User,Robert,Carter
NickScott469@example.com,password,Public User,Nick,Scott
LindaEdwards470@example.com,password,Public User,Linda,Edwards
LissandraBaker471@example.com,password,Public User,Lissandra,Baker
AvaDavis472@example.com,password,Public User,Ava,Davis
ChristopherEdwards473@example.com,password,Public User,Christopher,Edwards
AvaYoung474@example.com,password,Public User,Ava,Young
MonaLewis475@example.com,password,Public User,Mona,Lewis
AndrewDiaz476@example.com,password,Public User,Andrew,Diaz
CharlesEvans477@example.com,password,Public User,Charles,Evans
MonaKing478@example.com,password,Public User,Mona,King
EthanKing479@example.com,password,Public User,Ethan,King
HarryEdwards480@example.com,password,Public User,Harry,Edwards
ThomasAnderson481@example.com,password,Public User,Thomas,Anderson
DayParker482@example.com,password,Public User,Day,Parker
BethanyRivera483@example.com,password,Public User,Bethany,Rivera
JohnLopez484@example.com,password,Public User,John,Lopez
MaryThomas485@example.com,password,Public User,Mary,Thomas
OliverEdwards486@example.com,password,Public User,Oliver,Edwards
EulaTaylor487@example.com,password,Public User,Eula,Taylor
JoshuaCarter488@example.com,password,Public User,Joshua,Carter
MiaDavis489@example.com,password,Public User,Mia,Davis
AvaBaker490@example.com,password,Public User,Ava,Baker
JakeScott491@example.com,password,Public User,Jake,Scott
RichardClark492@example.com,password,Public User,Richard,Clark
AndyDavis493@example.com,password,Public User,Andy,Davis
MiaMiller494@example.com,password,Public User,Mia,Miller
ZoeyBaker495@example.com,password,Public User,Zoey,Baker
JoeCarter496@example.com,password,Public User,Joe,Carter
ConnorAllen497@example.com,password,Public User,Connor,Allen
JenniferLewis498@example.com,password,Public User,Jennifer,Lewis
LilyWilson499@example.com,password,Business Owner,Lily,Wilson
MonaRobinson500@example.com,password,Business Owner,Mona,Robinson
ChristopherWilson501@example.com,password,Business Owner,Christopher,Wilson
SarahDiaz502@example.com,password,Business Owner,Sarah,Diaz
MiaEdwards503@example.com,password,Business Owner,Mia,Edwards
CadyTaylor504@example.com,password,Business Owner,Cady,Taylor
LindaThomas505@example.com,password,Business Owner,Linda,Thomas
BethanyHill506@example.com,password,Business Owner,Bethany,Hill
LilyWright507@example.com,password,Business Owner,Lily,Wright
LaylaThomas508@example.com,password,Business Owner,Layla,Thomas
JennyEdwards509@example.com,password,Business Owner,Jenny,Edwards
JoseJohnson510@example.com,password,Business Owner,Jose,Johnson
LaylaFlores511@example.com,password,Business Owner,Layla,Flores
BarbaraJones512@example.com,password,Business Owner,Barbara,Jones
ConnorWhite513@example.com,password,Business Owner,Connor,White
SamuelBrown514@example.com,password,Business Owner,Samuel,Brown
AnthonyCruz515@example.com,password,Business Owner,Anthony,Cruz
BethanyRivera516@example.com,password,Business Owner,Bethany,Rivera
EthanAnderson517@example.com,password,Business Owner,Ethan,Anderson
HarryWhite518@example.com,password,Business Owner,Harry,White
MichaelWright519@example.com,password,Business Owner,Michael,Wright
MonaHarris520@example.com,password,Business Owner,Mona,Harris
AmeliaYoung521@example.com,password,Business Owner,Amelia,Young
LucasHall522@example.com,password,Business Owner,Lucas,Hall
AndyRobinson523@example.com,password,Business Owner,Andy,Robinson
LucasClark524@example.com,password,Business Owner,Lucas,Clark
AmeliaLee525@example.com,password,Business Owner,Amelia,Lee
ChristopherMartin526@example.com,password,Business Owner,Christopher,Martin
PatriciaHall527@example.com,password,Business Owner,Patricia,Hall
WilliamDavis528@example.com,password,Business Owner,William,Davis
LiamTaylor529@example.com,password,Business Owner,Liam,Taylor
StellaAllen530@example.com,password,Business Owner,Stella,Allen
NoahEvans531@example.com,password,Business Owner,Noah,Evans
AndyMartin532@example.com,password,Business Owner,Andy,Martin
MiaDavis533@example.com,password,Business Owner,Mia,Davis
KaranEdwards534@example.com,password,Business Owner,Karan,Edwards
LunaEdwards535@example.com,password,Business Owner,Luna,Edwards
OscarNelson536@example.com,password,Business Owner,Oscar,Nelson
BethanyEdwards537@example.com,password,Business Owner,Bethany,Edwards
ElizabethHall538@example.com,password,Business Owner,Elizabeth,Hall
LilyReyes539@example.com,password,Business Owner,Lily,Reyes
EmilyWalker540@example.com,password,Business Owner,Emily,Walker
OscarRivera541@example.com,password,Business Owner,Oscar,Rivera
AnthonyWalker542@example.com,password,Business Owner,Anthony,Walker
JennyNelson543@example.com,password,Business Owner,Jenny,Nelson
JenniferCarter544@example.com,password,Business Owner,Jennifer,Carter
AndyWilson545@example.com,password,Business Owner,Andy,Wilson
StellaWright546@example.com,password,Business Owner,Stella,Wright
TracyWright547@example.com,password,Business Owner,Tracy,Wright
LindaRivera548@example.com,password,Business Owner,Linda,Rivera
CadyReyes549@example.com,password,Business Owner,Cady,Reyes
CharlotteEvans550@example.com,password,Business Owner,Charlotte,Evans
AvaDiaz551@example.com,password,Business Owner,Ava,Diaz
JamesEdwards552@example.com,password,Business Owner,James,Edwards
ScarlettJackson553@example.com,password,Business Owner,Scarlett,Jackson
StellaEdwards554@example.com,password,Business Owner,Stella,Edwards
IslaRobinson555@example.com,password,Business Owner,Isla,Robinson
JennyHarris556@example.com,password,Business Owner,Jenny,Harris
EulaWalker557@example.com,password,Business Owner,Eula,Walker
CharlesWhite558@example.com,password,Business Owner,Charles,White
ConnorBaker559@example.com,password,Business Owner,Connor,Baker
AvaBrown560@example.com,password,Business Owner,Ava,Brown
CharlotteRivera561@example.com,password,Business Owner,Charlotte,Rivera
BrandieCarter562@example.com,password,Business Owner,Brandie,Carter
DanielKing563@example.com,password,Business Owner,Daniel,King
AndrewMartin564@example.com,password,Business Owner,Andrew,Martin
JennyDavis565@example.com,password,Business Owner,Jenny,Davis
EvelynCruz566@example.com,password,Business Owner,Evelyn,Cruz
BarbaraWilliams567@example.com,password,Business Owner,Barbara,Williams
MaryParker568@example.com,password,Business Owner,Mary,Parker
AvaYoung569@example.com,password,Business Owner,Ava,Young
AndrewLewis570@example.com,password,Business Owner,Andrew,Lewis
AnthonyWilson571@example.com,password,Business Owner,Anthony,Wilson
DayDavis572@example.com,password,Business Owner,Day,Davis
AbigailJones573@example.com,password,Business Owner,Abigail,Jones
RichardWright574@example.com,password,Business Owner,Richard,Wright
PatriciaMartin575@example.com,password,Business Owner,Patricia,Martin
MichaelClark576@example.com,password,Business Owner,Michael,Clark
SamuelWalker577@example.com,password,Business Owner,Samuel,Walker
EvelynScott578@example.com,password,Business Owner,Evelyn,Scott
PoppyFlores579@example.com,password,Business Owner,Poppy,Flores
AndrewCarter580@example.com,password,Business Owner,Andrew,Carter
LucasTaylor581@example.com,password,Business Owner,Lucas,Taylor
LucasWilson582@example.com,password,Business Owner,Lucas,Wilson
RobertParker583@example.com,password,Business Owner,Robert,Parker
PatriciaSmith584@example.com,password,Business Owner,Patricia,Smith
IslaHarris585@example.com,password,Business Owner,Isla,Harris
EmmaScott586@example.com,password,Business Owner,Emma,Scott
PatriciaWilson587@example.com,password,Business Owner,Patricia,Wilson
RichardJohnson588@example.com,password,Business Owner,Richard,Johnson
WilliamMartin589@example.com,password,Business Owner,William,Martin
MiaTaylor590@example.com,password,Business Owner,Mia,Taylor
ScarlettDavis591@example.com,password,Business Owner,Scarlett,Davis
EmilyTaylor592@example.com,password,Business Owner,Emily,Taylor
RichardMartin593@example.com,password,Business Owner,Richard,Martin
OscarLewis594@example.com,password,Business Owner,Oscar,Lewis
BethanyEvans595@example.com,password,Business Owner,Bethany,Evans
OwenParker596@example.com,password,Business Owner,Owen,Parker
ZoeyWhite597@example.com,password,Business Owner,Zoey,White
HarryLewis598@example.com,password,Business Owner,Harry,Lewis
AidenCarter599@example.com,password,Business Owner,Aiden,Carter
MiaJackson600@example.com,password,Business Owner,Mia,Jackson
EthanEvans601@example.com,password,Business Owner,Ethan,Evans
ElizabethDavis602@example.com,password,Business Owner,Elizabeth,Davis
AvaBaker603@example.com,password,Business Owner,Ava,Baker
BrandieAllen604@example.com,password,Business Owner,Brandie,Allen
AnthonyRivera605@example.com,password,Business Owner,Anthony,Rivera
ConnorBrown606@example.com,password,Business Owner,Connor,Brown
AndyLewis607@example.com,password,Business Owner,Andy,Lewis
KaranNelson608@example.com,password,Business Owner,Karan,Nelson
PatriciaWilson609@example.com,password,Business Owner,Patricia,Wilson
AbigailSmith610@example.com,password,Business Owner,Abigail,Smith
NickGarcia611@example.com,password,Business Owner,Nick,Garcia
LoganLee612@example.com,password,Business Owner,Logan,Lee
BethanyEvans613@example.com,password,Business Owner,Bethany,Evans
KyleMiller614@example.com,password,Business Owner,Kyle,Miller
MarkWilliams615@example.com,password,Business Owner,Mark,Williams
TracyHill616@example.com,password,Business Owner,Tracy,Hill
CharlotteBrown617@example.com,password,Business Owner,Charlotte,Brown
RobertRobinson618@example.com,password,Business Owner,Robert,Robinson
JamesWalker619@example.com,password,Business Owner,James,Walker
JoseWright620@example.com,password,Business Owner,Jose,Wright
KailynMoore621@example.com,password,Business Owner,Kailyn,Moore
TracyWalker622@example.com,password,Business Owner,Tracy,Walker
KevinYoung623@example.com,password,Business Owner,Kevin,Young
MarkEdwards624@example.com,password,Business Owner,Mark,Edwards
JoshuaRivera625@example.com,password,Business Owner,Joshua,Rivera
KevinNelson626@example.com,password,Business Owner,Kevin,Nelson
SamuelFlores627@example.com,password,Business Owner,Samuel,Flores
AbigailYoung628@example.com,password,Business Owner,Abigail,Young
OwenCruz629@example.com,password,Business Owner,Owen,Cruz
JoshuaMiller630@example.com,password,Business Owner,Joshua,Miller
MichaelNelson631@example.com,password,Business Owner,Michael,Nelson
KevinJackson632@example.com,password,Business Owner,Kevin,Jackson
LindaMiller633@example.com,password,Business Owner,Linda,Miller
SarahWhite634@example.com,password,Business Owner,Sarah,White
GeorgeBrown635@example.com,password,Business Owner,George,Brown
BethanyCarter636@example.com,password,Business Owner,Bethany,Carter
TracyNelson637@example.com,password,Business Owner,Tracy,Nelson
LoganNelson638@example.com,password,Business Owner,Logan,Nelson
LaylaDavis639@example.com,password,Business Owner,Layla,Davis
BrandieSmith640@example.com,password,Business Owner,Brandie,Smith
DayDiaz641@example.com,password,Business Owner,Day,Diaz
AbigailKing642@example.com,password,Business Owner,Abigail,King
SebastianHall643@example.com,password,Business Owner,Sebastian,Hall
BarbaraRivera644@example.com,password,Business Owner,Barbara,Rivera
DanielHall645@example.com,password,Business Owner,Daniel,Hall
SophiaJohnson646@example.com,password,Business Owner,Sophia,Johnson
CharlotteParker647@example.com,password,Business Owner,Charlotte,Parker
AndrewNelson648@example.com,password,Business Owner,Andrew,Nelson
LilyFlores649@example.com,password,Business Owner,Lily,Flores
NickBrown650@example.com,password,Business Owner,Nick,Brown
MiaClark651@example.com,password,Business Owner,Mia,Clark
KaranThomas652@example.com,password,Business Owner,Karan,Thomas
LindaCarter653@example.com,password,Business Owner,Linda,Carter
MaryRobinson654@example.com,password,Business Owner,Mary,Robinson
GeorgeYoung655@example.com,password,Business Owner,George,Young
ZoeyHarris656@example.com,password,Business Owner,Zoey,Harris
AvaWhite657@example.com,password,Business Owner,Ava,White
SophiaSmith658@example.com,password,Business Owner,Sophia,Smith
EvelynWilliams659@example.com,password,Business Owner,Evelyn,Williams
ThomasBaker660@example.com,password,Business Owner,Thomas,Baker
MiaKing661@example.com,password,Business Owner,Mia,King
SophiaAnderson662@example.com,password,Business Owner,Sophia,Anderson
DanielBrown663@example.com,password,Business Owner,Daniel,Brown
ZoeyThomas664@example.com,password,Business Owner,Zoey,Thomas
JennyHall665@example.com,password,Business Owner,Jenny,Hall
SebastianRobinson666@example.com,password,Business Owner,Sebastian,Robinson
MonaWhite667@example.com,password,Business Owner,Mona,White
PatriciaKing668@example.com,password,Business Owner,Patricia,King
AvaTaylor669@example.com,password,Business Owner,Ava,Taylor
ChristopherTaylor670@example.com,password,Business Owner,Christopher,Taylor
ZoeyScott671@example.com,password,Business Owner,Zoey,Scott
LaurenLewis672@example.com,password,Business Owner,Lauren,Lewis
ZoeyWilliams673@example.com,password,Business Owner,Zoey,Williams
ConnorWalker674@example.com,password,Business Owner,Connor,Walker
DanielJones675@example.com,password,Business Owner,Daniel,Jones
OliverLee676@example.com,password,Business Owner,Oliver,Lee
CadyParker677@example.com,password,Business Owner,Cady,Parker
AmeliaAnderson678@example.com,password,Business Owner,Amelia,Anderson
LunaDiaz679@example.com,password,Business Owner,Luna,Diaz
StellaJones680@example.com,password,Business Owner,Stella,Jones
KevinHill681@example.com,password,Business Owner,Kevin,Hill
RichardAllen682@example.com,password,Business Owner,Richard,Allen
ElizabethParker683@example.com,password,Business Owner,Elizabeth,Parker
KaranThomas684@example.com,password,Business Owner,Karan,Thomas
TracyScott685@example.com,password,Business Owner,Tracy,Scott
LunaWright686@example.com,password,Business Owner,Luna,Wright
IslaParker687@example.com,password,Business Owner,Isla,Parker
OwenScott688@example.com,password,Business Owner,Owen,Scott
AmeliaFlores689@example.com,password,Business Owner,Amelia,Flores
EthanAnderson690@example.com,password,Business Owner,Ethan,Anderson
BarbaraHill691@example.com,password,Business Owner,Barbara,Hill
SarahHarris692@example.com,password,Business Owner,Sarah,Harris
LindaWalker693@example.com,password,Business Owner,Linda,Walker
ChristopherLewis694@example.com,password,Business Owner,Christopher,Lewis
LilyDiaz695@example.com,password,Business Owner,Lily,Diaz
SarahSmith696@example.com,password,Business Owner,Sarah,Smith
KaranGarcia697@example.com,password,Business Owner,Karan,Garcia
SamuelWilliams698@example.com,password,Business Owner,Samuel,Williams
BarbaraJackson699@example.com,password,Business Owner,Barbara,Jackson
KaranEvans700@example.com,password,Business Owner,Karan,Evans
JoseRivera701@example.com,password,Business Owner,Jose,Rivera
AbigailWright702@example.com,password,Business Owner,Abigail,Wright
NoahWilliams703@example.com,password,Business Owner,Noah,Williams
JennyClark704@example.com,password,Business Owner,Jenny,Clark
SamuelClark705@example.com,password,Business Owner,Samuel,Clark
MonaGarcia706@example.com,password,Business Owner,Mona,Garcia
LunaAllen707@example.com,password,Business Owner,Luna,Allen
AidenWalker708@example.com,password,Business Owner,Aiden,Walker
MiaHall709@example.com,password,Business Owner,Mia,Hall
MarkHarris710@example.com,password,Business Owner,Mark,Harris
ChristopherDavis711@example.com,password,Business Owner,Christopher,Davis
AvaTaylor712@example.com,password,Business Owner,Ava,Taylor
SusanWhite713@example.com,password,Business Owner,Susan,White
FioraBrown714@example.com,password,Business Owner,Fiora,Brown
ElijahJohnson715@example.com,password,Business Owner,Elijah,Johnson
LoganWhite716@example.com,password,Business Owner,Logan,White
BethanyLee717@example.com,password,Business Owner,Bethany,Lee
IslaHall718@example.com,password,Business Owner,Isla,Hall
OliverRobinson719@example.com,password,Business Owner,Oliver,Robinson
AbigailClark720@example.com,password,Business Owner,Abigail,Clark
EthanAllen721@example.com,password,Business Owner,Ethan,Allen
LilyLee722@example.com,password,Business Owner,Lily,Lee
LaylaHall723@example.com,password,Business Owner,Layla,Hall
KailynCruz724@example.com,password,Business Owner,Kailyn,Cruz
LindaBaker725@example.com,password,Business Owner,Linda,Baker
MaryJones726@example.com,password,Business Owner,Mary,Jones
WilliamNelson727@example.com,password,Business Owner,William,Nelson
CadyMartin728@example.com,password,Business Owner,Cady,Martin
StellaRobinson729@example.com,password,Business Owner,Stella,Robinson
DanielSmith730@example.com,password,Business Owner,Daniel,Smith
CharlesEdwards731@example.com,password,Business Owner,Charles,Edwards
ElijahSmith732@example.com,password,Business Owner,Elijah,Smith
KyleHall733@example.com,password,Business Owner,Kyle,Hall
GeorgeBrown734@example.com,password,Business Owner,George,Brown
CharlesJohnson735@example.com,password,Business Owner,Charles,Johnson
WilliamGarcia736@example.com,password,Business Owner,William,Garcia
AvaReyes737@example.com,password,Business Owner,Ava,Reyes
EthanCruz738@example.com,password,Business Owner,Ethan,Cruz
RachelNelson739@example.com,password,Business Owner,Rachel,Nelson
AvaCruz740@example.com,password,Business Owner,Ava,Cruz
OliverReyes741@example.com,password,Business Owner,Oliver,Reyes
BrandieNelson742@example.com,password,Business Owner,Brandie,Nelson
MiaWhite743@example.com,password,Business Owner,Mia,White
JoshuaYoung744@example.com,password,Business Owner,Joshua,Young
CharlesLewis745@example.com,password,Business Owner,Charles,Lewis
SophiaDavis746@example.com,password,Business Owner,Sophia,Davis
AbigailAnderson747@example.com,password,Business Owner,Abigail,Anderson
LucasRobinson748@example.com,password,Business Owner,Lucas,Robinson
AidenWhite749@example.com,password,Business Owner,Aiden,White
FioraEdwards750@example.com,password,Business Owner,Fiora,Edwards
JoshuaLewis751@example.com,password,Business Owner,Joshua,Lewis
MiaParker752@example.com,password,Business Owner,Mia,Parker
SamuelBaker753@example.com,password,Business Owner,Samuel,Baker
MichaelMartin754@example.com,password,Business Owner,Michael,Martin
AndyLewis755@example.com,password,Business Owner,Andy,Lewis
BethanyWilson756@example.com,password,Business Owner,Bethany,Wilson
JakeJones757@example.com,password,Business Owner,Jake,Jones
KaranLee758@example.com,password,Business Owner,Karan,Lee
EulaRivera759@example.com,password,Business Owner,Eula,Rivera
SusanSmith760@example.com,password,Business Owner,Susan,Smith
WilliamThomas761@example.com,password,Business Owner,William,Thomas
NickLee762@example.com,password,Business Owner,Nick,Lee
MarkSmith763@example.com,password,Business Owner,Mark,Smith
CharlesParker764@example.com,password,Business Owner,Charles,Parker
NickDavis765@example.com,password,Business Owner,Nick,Davis
RichardKing766@example.com,password,Business Owner,Richard,King
OscarKing767@example.com,password,Business Owner,Oscar,King
LindaBrown768@example.com,password,Business Owner,Linda,Brown
SarahCarter769@example.com,password,Business Owner,Sarah,Carter
AndyJones770@example.com,password,Business Owner,Andy,Jones
ElijahMoore771@example.com,password,Business Owner,Elijah,Moore
LaylaDavis772@example.com,password,Business Owner,Layla,Davis
NickLee773@example.com,password,Business Owner,Nick,Lee
ZoeyGarcia774@example.com,password,Business Owner,Zoey,Garcia
LindaWright775@example.com,password,Business Owner,Linda,Wright
DayRivera776@example.com,password,Business Owner,Day,Rivera
OliverWilliams777@example.com,password,Business Owner,Oliver,Williams
SusanKing778@example.com,password,Business Owner,Susan,King
LaylaMoore779@example.com,password,Business Owner,Layla,Moore
EulaYoung780@example.com,password,Business Owner,Eula,Young
MiaJones781@example.com,password,Business Owner,Mia,Jones
AndrewRobinson782@example.com,password,Business Owner,Andrew,Robinson
DanielDavis783@example.com,password,Business Owner,Daniel,Davis
MonaRivera784@example.com,password,Business Owner,Mona,Rivera
AbigailAnderson785@example.com,password,Business Owner,Abigail,Anderson
JakeGarcia786@example.com,password,Business Owner,Jake,Garcia
MonaMoore787@example.com,password,Business Owner,Mona,Moore
IslaHill788@example.com,password,Business Owner,Isla,Hill
ConnorDavis789@example.com,password,Business Owner,Connor,Davis
BarbaraWalker790@example.com,password,Business Owner,Barbara,Walker
RichardLewis791@example.com,password,Business Owner,Richard,Lewis
OscarMoore792@example.com,password,Business Owner,Oscar,Moore
OliverHarris793@example.com,password,Business Owner,Oliver,Harris
NickLee794@example.com,password,Business Owner,Nick,Lee
LucasYoung795@example.com,password,Business Owner,Lucas,Young
JoeTaylor796@example.com,password,Business Owner,Joe,Taylor
StellaLopez797@example.com,password,Business Owner,Stella,Lopez
AbigailWright798@example.com,password,Business Owner,Abigail,Wright
MonaEvans799@example.com,password,Business Owner,Mona,Evans
BarbaraBaker800@example.com,password,Business Owner,Barbara,Baker
MarkEdwards801@example.com,password,Business Owner,Mark,Edwards
TracyMoore802@example.com,password,Business Owner,Tracy,Moore
ElijahWalker803@example.com,password,Business Owner,Elijah,Walker
FioraWilliams804@example.com,password,Business Owner,Fiora,Williams
IslaLopez805@example.com,password,Business Owner,Isla,Lopez
DayMartin806@example.com,password,Business Owner,Day,Martin
DayHarris807@example.com,password,Business Owner,Day,Harris
SamuelJohnson808@example.com,password,Business Owner,Samuel,Johnson
LucasClark809@example.com,password,Business Owner,Lucas,Clark
TracyNelson810@example.com,password,Business Owner,Tracy,Nelson
IslaYoung811@example.com,password,Business Owner,Isla,Young
ChristopherMoore812@example.com,password,Business Owner,Christopher,Moore
LindaGarcia813@example.com,password,Business Owner,Linda,Garcia
RobertDavis814@example.com,password,Business Owner,Robert,Davis
RobertJohnson815@example.com,password,Business Owner,Robert,Johnson
MonaParker816@example.com,password,Business Owner,Mona,Parker
RichardBrown817@example.com,password,Business Owner,Richard,Brown
KevinFlores818@example.com,password,Business Owner,Kevin,Flores
AvaWilson819@example.com,password,Business Owner,Ava,Wilson
RachelLopez820@example.com,password,Business Owner,Rachel,Lopez
LissandraLee821@example.com,password,Business Owner,Lissandra,Lee
OwenClark822@example.com,password,Business Owner,Owen,Clark
BethanyJackson823@example.com,password,Business Owner,Bethany,Jackson
BethanyBrown824@example.com,password,Business Owner,Bethany,Brown
AvaRobinson825@example.com,password,Business Owner,Ava,Robinson
AndrewBaker826@example.com,password,Business Owner,Andrew,Baker
HarryKing827@example.com,password,Business Owner,Harry,King
IslaEdwards828@example.com,password,Business Owner,Isla,Edwards
MaryMoore829@example.com,password,Business Owner,Mary,Moore
LiamClark830@example.com,password,Business Owner,Liam,Clark
RachelLee831@example.com,password,Business Owner,Rachel,Lee
JoeWalker832@example.com,password,Business Owner,Joe,Walker
LindaLopez833@example.com,password,Business Owner,Linda,Lopez
MargaretLopez834@example.com,password,Business Owner,Margaret,Lopez
ChristopherHarris835@example.com,password,Business Owner,Christopher,Harris
ChristopherWright836@example.com,password,Business Owner,Christopher,Wright
LoganCarter837@example.com,password,Business Owner,Logan,Carter
CharlotteHill838@example.com,password,Business Owner,Charlotte,Hill
EvelynMartin839@example.com,password,Business Owner,Evelyn,Martin
MaryMiller840@example.com,password,Business Owner,Mary,Miller
PoppyJohnson841@example.com,password,Business Owner,Poppy,Johnson
KaranHarris842@example.com,password,Business Owner,Karan,Harris
FioraThomas843@example.com,password,Business Owner,Fiora,Thomas
KailynSmith844@example.com,password,Business Owner,Kailyn,Smith
KyleThomas845@example.com,password,Business Owner,Kyle,Thomas
JoshuaParker846@example.com,password,Business Owner,Joshua,Parker
NickNelson847@example.com,password,Business Owner,Nick,Nelson
AndrewHarris848@example.com,password,Business Owner,Andrew,Harris
CharlotteAnderson849@example.com,password,Business Owner,Charlotte,Anderson
AvaLewis850@example.com,password,Business Owner,Ava,Lewis
PoppyRivera851@example.com,password,Business Owner,Poppy,Rivera
EthanMartin852@example.com,password,Business Owner,Ethan,Martin
MaryKing853@example.com,password,Business Owner,Mary,King
LissandraDavis854@example.com,password,Business Owner,Lissandra,Davis
SusanWright855@example.com,password,Business Owner,Susan,Wright
LiamWalker856@example.com,password,Business Owner,Liam,Walker
EulaThomas857@example.com,password,Business Owner,Eula,Thomas
AmeliaNelson858@example.com,password,Business Owner,Amelia,Nelson
LilyWilson859@example.com,password,Business Owner,Lily,Wilson
KevinMartin860@example.com,password,Business Owner,Kevin,Martin
CharlesCruz861@example.com,password,Business Owner,Charles,Cruz
ElijahEvans862@example.com,password,Business Owner,Elijah,Evans
BrandieAnderson863@example.com,password,Business Owner,Brandie,Anderson
JakeYoung864@example.com,password,Business Owner,Jake,Young
BrandieMoore865@example.com,password,Business Owner,Brandie,Moore
KaranBaker866@example.com,password,Business Owner,Karan,Baker
JenniferMiller867@example.com,password,Business Owner,Jennifer,Miller
RichardMiller868@example.com,password,Business Owner,Richard,Miller
AndyThomas869@example.com,password,Business Owner,Andy,Thomas
BethanyMoore870@example.com,password,Business Owner,Bethany,Moore
ElijahNelson871@example.com,password,Business Owner,Elijah,Nelson
SarahParker872@example.com,password,Business Owner,Sarah,Parker
EulaFlores873@example.com,password,Business Owner,Eula,Flores
AbigailHill874@example.com,password,Business Owner,Abigail,Hill
MonaScott875@example.com,password,Business Owner,Mona,Scott
LoganParker876@example.com,password,Business Owner,Logan,Parker
IslaRobinson877@example.com,password,Business Owner,Isla,Robinson
SusanWilliams878@example.com,password,Business Owner,Susan,Williams
DayWright879@example.com,password,Business Owner,Day,Wright
AndyHarris880@example.com,password,Business Owner,Andy,Harris
RichardLopez881@example.com,password,Business Owner,Richard,Lopez
PatriciaLewis882@example.com,password,Business Owner,Patricia,Lewis
KailynCruz883@example.com,password,Business Owner,Kailyn,Cruz
MarkWright884@example.com,password,Business Owner,Mark,Wright
SamuelScott885@example.com,password,Business Owner,Samuel,Scott
SamuelFlores886@example.com,password,Business Owner,Samuel,Flores
OscarLee887@example.com,password,Business Owner,Oscar,Lee
CharlesEvans888@example.com,password,Business Owner,Charles,Evans
ElijahNelson889@example.com,password,Business Owner,Elijah,Nelson
CharlesNelson890@example.com,password,Business Owner,Charles,Nelson
TracyThomas891@example.com,password,Business Owner,Tracy,Thomas
AnthonyKing892@example.com,password,Business Owner,Anthony,King
SophiaDavis893@example.com,password,Business Owner,Sophia,Davis
PatriciaBaker894@example.com,password,Business Owner,Patricia,Baker
OliverWalker895@example.com,password,Health Staff,Oliver,Walker
BrandieScott896@example.com,password,Health Staff,Brandie,Scott
LindaLopez897@example.com,password,Health Staff,Linda,Lopez
JamesAllen898@example.com,password,Health Staff,James,Allen
JakeMartin899@example.com,password,Health Staff,Jake,Martin
TracyMoore900@example.com,password,Health Staff,Tracy,Moore
AbigailHill901@example.com,password,Health Staff,Abigail,Hill
AnthonyMartin902@example.com,password,Health Staff,Anthony,Martin
LindaRivera903@example.com,password,Health Staff,Linda,Rivera
PatriciaAnderson904@example.com,password,Health Staff,Patricia,Anderson
OliverYoung905@example.com,password,Health Staff,Oliver,Young
CadyMiller906@example.com,password,Health Staff,Cady,Miller
CadyFlores907@example.com,password,Health Staff,Cady,Flores
AbigailClark908@example.com,password,Health Staff,Abigail,Clark
JamesHill909@example.com,password,Health Staff,James,Hill
JohnKing910@example.com,password,Health Staff,John,King
DanielTaylor911@example.com,password,Health Staff,Daniel,Taylor
JoshuaEvans912@example.com,password,Health Staff,Joshua,Evans
KaranDavis913@example.com,password,Health Staff,Karan,Davis
LaurenSmith914@example.com,password,Health Staff,Lauren,Smith
BethanyWilliams915@example.com,password,Health Staff,Bethany,Williams
BethanySmith916@example.com,password,Health Staff,Bethany,Smith
EvelynScott917@example.com,password,Health Staff,Evelyn,Scott
JenniferRivera918@example.com,password,Health Staff,Jennifer,Rivera
JoseKing919@example.com,password,Health Staff,Jose,King
SusanThomas920@example.com,password,Health Staff,Susan,Thomas
LindaMartin921@example.com,password,Health Staff,Linda,Martin
NickHill922@example.com,password,Health Staff,Nick,Hill
NoahReyes923@example.com,password,Health Staff,Noah,Reyes
EvelynFlores924@example.com,password,Health Staff,Evelyn,Flores
JakeCruz925@example.com,password,Health Staff,Jake,Cruz
JennyCruz926@example.com,password,Health Staff,Jenny,Cruz
LiamCruz927@example.com,password,Health Staff,Liam,Cruz
SamuelBaker928@example.com,password,Health Staff,Samuel,Baker
MichaelLewis929@example.com,password,Health Staff,Michael,Lewis
MonaSmith930@example.com,password,Health Staff,Mona,Smith
JamesWilliams931@example.com,password,Health Staff,James,Williams
AmeliaKing932@example.com,password,Health Staff,Amelia,King
CharlesTaylor933@example.com,password,Health Staff,Charles,Taylor
RobertLopez934@example.com,password,Health Staff,Robert,Lopez
BethanyRivera935@example.com,password,Health Staff,Bethany,Rivera
EmilyWilson936@example.com,password,Health Staff,Emily,Wilson
LissandraThomas937@example.com,password,Health Staff,Lissandra,Thomas
MarkFlores938@example.com,password,Health Staff,Mark,Flores
ElijahScott939@example.com,password,Health Staff,Elijah,Scott
LilyBrown940@example.com,password,Health Staff,Lily,Brown
AndrewDavis941@example.com,password,Health Staff,Andrew,Davis
AndyMiller942@example.com,password,Health Staff,Andy,Miller
LindaDavis943@example.com,password,Health Staff,Linda,Davis
ThomasNelson944@example.com,password,Health Staff,Thomas,Nelson
ElizabethBrown945@example.com,password,Health Staff,Elizabeth,Brown
JennyClark946@example.com,password,Health Staff,Jenny,Clark
OscarAllen947@example.com,password,Health Staff,Oscar,Allen
ElijahCruz948@example.com,password,Health Staff,Elijah,Cruz
StellaGarcia949@example.com,password,Health Staff,Stella,Garcia
ElizabethReyes950@example.com,password,Health Staff,Elizabeth,Reyes
AmeliaAnderson951@example.com,password,Health Staff,Amelia,Anderson
EvelynTaylor952@example.com,password,Health Staff,Evelyn,Taylor
KyleCarter953@example.com,password,Health Staff,Kyle,Carter
LindaClark954@example.com,password,Health Staff,Linda,Clark
AvaDavis955@example.com,password,Health Staff,Ava,Davis
AvaDavis956@example.com,password,Health Staff,Ava,Davis
HarryAllen957@example.com,password,Health Staff,Harry,Allen
MargaretMartin958@example.com,password,Health Staff,Margaret,Martin
AnthonyWalker959@example.com,password,Health Staff,Anthony,Walker
KevinFlores960@example.com,password,Health Staff,Kevin,Flores
AidenLee961@example.com,password,Health Staff,Aiden,Lee
EvelynLewis962@example.com,password,Health Staff,Evelyn,Lewis
StellaMiller963@example.com,password,Health Staff,Stella,Miller
RachelLewis964@example.com,password,Health Staff,Rachel,Lewis
MichaelRivera965@example.com,password,Health Staff,Michael,Rivera
IslaAnderson966@example.com,password,Health Staff,Isla,Anderson
BethanyAllen967@example.com,password,Health Staff,Bethany,Allen
BethanyMiller968@example.com,password,Health Staff,Bethany,Miller
CadyHall969@example.com,password,Health Staff,Cady,Hall
ScarlettTaylor970@example.com,password,Health Staff,Scarlett,Taylor
GeorgeWhite971@example.com,password,Health Staff,George,White
IslaWright972@example.com,password,Health Staff,Isla,Wright
EvelynThomas973@example.com,password,Health Staff,Evelyn,Thomas
MonaWalker974@example.com,password,Health Staff,Mona,Walker
SophiaSmith975@example.com,password,Health Staff,Sophia,Smith
LissandraScott976@example.com,password,Health Staff,Lissandra,Scott
Thomasaz977@example.com,password,Health Staff,Thomas,az
EulaParker978@example.com,password,Health Staff,Eula,Parker
IslaYoung979@example.com,password,Health Staff,Isla,Young
ElijahEvans980@example.com,password,Health Staff,Elijah,Evans
BrandieYoung981@example.com,password,Health Staff,Brandie,Young
AnthonyHall982@example.com,password,Health Staff,Anthony,Hall
JoeLewis983@example.com,password,Health Staff,Joe,Lewis
LiamTaylor984@example.com,password,Health Staff,Liam,Taylor
AvaTaylor985@example.com,password,Health Staff,Ava,Taylor
AidenWilliams986@example.com,password,Health Staff,Aiden,Williams
RichardEdwards987@example.com,password,Health Staff,Richard,Edwards
ZoeyEvans988@example.com,password,Health Staff,Zoey,Evans
RichardWalker989@example.com,password,Health Staff,Richard,Walker
LilyHarris990@example.com,password,Health Staff,Lily,Harris
DanielLewis991@example.com,password,Health Staff,Daniel,Lewis
ElizabethJones992@example.com,password,Health Staff,Elizabeth,Jones
ThomasEvans993@example.com,password,Health Staff,Thomas,Evans
1@,1qweE!eee,Public User,1,1